1,STAR FERRY
1,CHUK YUEN ESTATE
1A,STAR FERRY
1A,SAU MAU PING (CENTRAL)
2,CHEUNG SHA WAN (SO UK ESTATE)
2,STAR FERRY
2A,MEI FOO
2A,LOK WAH
2B,CHEUNG SHA WAN
2B,CHUK YUEN ESTATE
2D,TUNG TAU ESTATE
2D,CHAK ON ESTATE
2E,PAK TIN (NORTH)
2E,KOWLOON CITY FERRY
2F,CHEUNG SHA WAN
2F,CHEUNG SHA WAN
2F,TSZ WAN SHAN (NORTH)
2X,MEI FOO
2X,CHOI FOOK
3B,HUNG HOM (HUNG LUEN ROAD)
3B,TSZ WAN SHAN (CENTRAL)
3B,TSZ WAN SHAN (CENTRAL)
3C,CHINA FERRY TERMINAL
3C,TSZ WAN SHAN (NORTH)
3D,KWUN TONG (YUE MAN SQUARE)
3D,KWUN TONG (YUE MAN SQUARE)
3D,KWUN TONG (YUE MAN SQUARE)
3D,TSZ WAN SHAN (CENTRAL)
3D,TSZ WAN SHAN (SOUTH)
3M,CHOI WAN
3M,TSZ WAN SHAN (NORTH)
3M,TSZ WAN SHAN (SOUTH)
3S,DIAMOND HILL CEMETERY (CIRCULAR)
3X,CHINA FERRY TERMINAL
3X,CHINA FERRY TERMINAL
3X,TSZ WAN SHAN (NORTH)
5,STAR FERRY
5,FU SHAN ESTATE
5A,STAR FERRY
5A,KAI TAK (KAI CHING ESTATE)
5C,STAR FERRY
5C,STAR FERRY
5C,TSZ WAN SHAN (CENTRAL)
5C,TSZ WAN SHAN (CENTRAL)
5D,HUNG HOM (CIRCULAR)
5M,KOWLOON BAY STATION (CIRCULAR)
5P,STAR FERRY
5P,TSZ WAN SHAN (CENTRAL)
5R,KAI TAK (SHING FUNG ROAD) (CIRCULAR)
5R,KWUN TONG (apm)
5R,KAI TAK (SHING FUNG ROAD)
5X,STAR FERRY
5X,TSZ WAN SHAN (CENTRAL)
6,LAI CHI KOK
6,STAR FERRY
6C,MEI FOO
6C,KOWLOON CITY FERRY
6D,MEI FOO
6D,NGAU TAU KOK
6F,CHEUNG SHA WAN (LAI KOK ESTATE)
6F,KOWLOON CITY FERRY
6F,KOWLOON CITY FERRY
6P,LEI YUE MUN ESTATE
6P,CHEUNG SHA WAN (SO UK ESTATE)
6R,NGONG SHUEN CHAU BARRACKS (CIRCULAR)
6X,KOWLOON CITY FERRY
7,LOK FU
7,STAR FERRY
7B,LOK FU
7B,HUNG HOM (HUNG LUEN ROAD)
7M,CHUK YUEN ESTATE (CIRCULAR)
8,KOWLOON STATION
8,STAR FERRY
8A,TSIM SHA TSUI (CIRCULAR)
8P,TSIM SHA TSUI (CIRCULAR)
8P,TSIM SHA TSUI
9,TSIM SHA TSUI EAST (MODY ROAD)
9,CHOI FOOK
10,TAI KOK TSUI (CIRCULAR)
11,KOWLOON STATION
11,DIAMOND HILL STATION
11B,KOWLOON CITY FERRY
11B,KWUN TONG (TSUI PING ROAD)
11C,SAU MAU PING (UPPER)
11C,CHUK YUEN ESTATE
11D,KWUN TONG FERRY
11D,LOK FU
11K,HUNG HOM STATION
11K,CHUK YUEN ESTATE
11X,HUNG HOM STATION
11X,ON TAI (NORTH)
12,TSIM SHA TSUI EAST (MODY ROAD)
12,HOI LAI ESTATE
12A,CHEUNG SHA WAN (SHAM MONG ROAD)
12A,WHAMPOA GARDEN
12P,Hung Hom Station
13D,ISLAND HARBOURVIEW
13D,ISLAND HARBOURVIEW
13D,PO TAT
13M,PO TAT (CIRCULAR)
13M,KWUN TONG STATION
13P,CHEUNG SHA WAN (LAI KOK ESTATE)
13X,TSIM SHA TSUI EAST
13X,TSIM SHA TSUI EAST
13X,TSIM SHA TSUI EAST
13X,TSIM SHA TSUI EAST
13X,PO TAT
13X,PO TAT
14,CHINA FERRY TERMINAL
14,LEI YUE MUN ESTATE
14B,LAM TIN (KWONG TIN ESTATE)
14B,LAM TIN (KWONG TIN ESTATE)
14B,NGAU TAU KOK
14D,CHOI HUNG
14D,CHOI HUNG
14D,YAU TONG
14H,SHUN LEE (CIRCULAR)
14S,TSEUNG KWAN O CHINESE PERMANENT CEMETERY(CIRCULAR)
14X,TSIM SHA TSUI (CIRCULAR)
15,HUNG HOM (HUNG LUEN ROAD)
15,PING TIN
15A,TSZ WAN SHAN (NORTH)
15A,PING TIN
15X,HUNG HOM STATION
15X,LAM TIN (KWONG TIN ESTATE)
16,MONG KOK (PARK AVENUE)
16,MONG KOK (PARK AVENUE)
16,LAM TIN (KWONG TIN ESTATE)
16M,LAM TIN (HONG WAH COURT) (CIRCULAR)
16X,MONG KOK (PARK AVENUE)
16X,LAM TIN (KWONG TIN ESTATE)
17,HO MAN TIN (OI MAN ESTATE)
17,KWUN TONG (YUE MAN SQUARE)
18,OI MAN (CIRCULAR)
21,HUNG HOM STATION
21,CHOI WAN
23,SHUN LEE (CIRCULAR)
23,KWUN TONG FERRY
23M,SHUN LEE (CIRCULAR)
23M,SHUN LEE (CIRCULAR)
24,MONG KOK (CIRCULAR)
24,MONG KOK (CIRCULAR)
24,MONG KOK (CIRCULAR)
26,TSIM SHA TSUI EAST
26,SHUN TIN
26M,KWUN TONG (CIRCULAR)
26X,SHUN TIN
27,MONG KOK (CIRCULAR)
28,STAR FERRY
28,LOK WAH
28B,KAI TAK (KAI CHING ESTATE)
28B,CHOI FOOK
28B,CHOI FOOK
28S,LOK WAH
29M,SAN PO KONG (CIRCULAR)
30,CHEUNG SHA WAN
30,TSUEN WAN (ALLWAY GARDENS)
30X,WHAMPOA GARDEN
30X,TSUEN WAN (ALLWAY GARDENS)
31,SHEK LEI (CIRCULAR)
31A,SHEK LEI (TAI LOONG STREET)
31A,KWAI CHUNG ESTATE
31B,OLYMPIC STATION
31B,SHEK LEI (TAI LOONG STREET)
31M,KWAI FONG STATION
31M,SHEK LEI (LEI PUI ST)
31P,KWAI FONG STATION
32,OLYMPIC STATION
32,TSUEN WAN (SHEK WAI KOK)
32H,LAI CHI KOK
32H,CHEUNG SHAN
32M,CHEUNG SHAN (CIRCULAR)
32P,YUEN YUEN INSTITUTE
32P,TSUEN WAN (CASTLE PEAK ROAD)
33,YAU TONG
33,TSUEN WAN WEST STATION
33A,MONG KOK (PARK AVENUE)
33A,TSUEN WAN (NINA TOWER)
33B,YAU TONG
33B,TSUEN WAN WEST STATION
34,TSUEN WAN (BAYVIEW GARDEN)
34,KWAI SHING (CENTRAL)
34M,TSUEN WAN STATION (CIRCULAR)
35A,TSIM SHA TSUI EAST
35A,KWAI CHUNG (ON YAM ESTATE)
35X,TSIM SHA TSUI EAST
35X,KWAI CHUNG (ON YAM ESTATE)
36,LEI MUK SHUE (CIRCULAR)
36,TSUEN WAN WEST STATION
36A,CHEUNG SHA WAN (SHAM MONG ROAD)
36A,LEI MUK SHUE
36B,JORDAN (WEST KOWLOON STATION)
36B,LEI MUK SHUE
36M,KWAI FONG STATION
36M,LEI MUK SHUE
36R,SHEK WAI KOK
36X,TSIM SHA TSUI EAST (MODY ROAD)
36X,LEI MUK SHUE
37,KWAI SHING (CENTRAL)
37,OLYMPIC STATION
37M,KWAI SHING CENTRAL (CIRCULAR)
38,PING TIN
38,KWAI SHING (EAST)
38A,MEI FOO
38A,TSUEN WAN (RIVIERA GARDENS)
38B,SHEK MUN ESTATE
38B,TSUEN WAN (RIVIERA GARDENS)
38P,PING TIN
38P,KWAI SHING (CENTRAL)
38S,TSUEN WAN CHINESE CEMETERY
38S,KWAI FONG STATION
39A,ALLWAY GARDENS (CIRCULAR)
39M,TSUEN WAN STATION (CIRCULAR)
40,LAGUNA CITY
40,LAGUNA CITY
40,TSUEN WAN (BELVEDERE GARDEN)
40A,PING TIN
40A,KWAI HING STATION
40E,KWAI CHUNG (KWAI FONG ESTATE)
40E,NAI CHUNG
40P,KWUN TONG FERRY
40P,TSUEN WAN (NINA TOWER)
40S,KWAI CHUNG (KWAI FONG ESTATE)
40X,KWAI CHUNG ESTATE
40X,KWAI CHUNG ESTATE
40X,WU KAI SHA STATION
41,KOWLOON CITY FERRY
41,TSING YI (CHEUNG CHING ESTATE)
41A,TSIM SHA TSUI EAST
41A,TSING YI (CHEUNG ON ESTATE)
41M,TSUEN WAN STATION
41M,TSING YI FERRY
41R,TSING YI (CHEUNG CHING ESTATE)
42,SHUN LEE
42,TSING YI (CHEUNG HONG ESTATE)
42A,JORDAN (WEST KOWLOON STATION)
42A,TSING YI (CHEUNG HANG ESTATE)
42C,LAM TIN STATION
42C,TSING YI (CHEUNG HANG ESTATE)
42M,TSUEN WAN (DISCOVERY PARK)
42M,TSING YI (CHEUNG WANG ESTATE)
43,TSUEN WAN WEST STATION
43,TSING YI (CHEUNG HONG ESTATE)
43A,SHEK LEI (TAI LOONG STREET)
43A,TSING YI (CHEUNG WANG ESTATE)
43B,TSUEN WAN WEST STATION
43B,TSING YI (CHEUNG CHING ESTATE)
43C,ISLAND HARBOURVIEW
43C,TSING YI (CHEUNG HANG ESTATE)
43D,KWAI SHING
43M,CHEUNG CHING (CIRCULAR)
43P,HONG KONG SCIENCE PARK
43P,TSUEN WAN WEST STATION
43S,HONG KONG SCIENCE PARK
43X,TSUEN WAN WEST STATION
43X,TSUEN WAN WEST STATION
43X,YIU ON
44,MONG KOK EAST STATION
44,MONG KOK EAST STATION
44,TSING YI ESTATE
44M,KWAI CHUNG ESTATE
44M,KWAI HING STATION
44M,TSING YI (CHEUNG ON ESTATE)
44M,TSING YI (CHEUNG ON ESTATE)
45,KWAI CHUNG (LAI YIU ESTATE)
45,KOWLOON CITY FERRY
46,KWAI CHUNG (LAI YIU ESTATE)
46,JORDAN (WEST KOWLOON STATION)
46P,KWAI FONG STATION (CIRCULAR)
46P,KWAI FONG STATION
46R,NGONG SHUEN CHAU BARRACKS
46R,TAI WAI STATION
46S,TSUEN WAN (NINA TOWER)
46S,HIN KENG
46X,MEI FOO
46X,HIN KENG
47A,KWAI FONG (SOUTH)
47A,KWAI FONG (SOUTH)
47A,SHUI CHUEN O
47X,KWAI SHING (EAST)
47X,KWAI SHING (EAST)
47X,KWAI SHING (EAST)
47X,CHUN SHEK
48P,TSING LUNG TAU
48P,FO TAN CHUN YEUNG ESTATE
48X,TSUEN WAN (BAYVIEW GARDEN)
48X,WO CHE
49P,TSING YI FERRY
49X,TSING YI FERRY
49X,TSING YI FERRY
49X,TSING YI FERRY
49X,KWONG YUEN
51,SHEUNG TSUEN (CIRCULAR)
52S,TSANG TSUI
52S,TUEN MUN ROAD INTERCHANGE
52X,MONG KOK (PARK AVENUE)
52X,MONG KOK (PARK AVENUE)
52X,TUEN MUN CENTRAL
53,TSUEN WAN (NINA TOWER)
53,YOHO MALL (YUEN LONG)
54,SHEUNG TSUEN (CIRCULAR)
56S,TSANG TSUI
56S,TUEN MUN STATION
57M,LAI KING (NORTH)
57M,TUEN MUN (SHAN KING ESTATE)
58M,KWAI FONG STATION
58M,KWAI FONG STATION
58M,KWAI FONG STATION
58M,TUEN MUN (LEUNG KING ESTATE)
58P,TIN KING ESTATE (TIN YUE HOUSE)
58X,MONG KOK EAST STATION
58X,MONG KOK EAST STATION
58X,TUEN MUN (LEUNG KING ESTATE)
59A,KWAI FONG (KWAI TSUI ESTATE)
59A,TUEN MUN PIER HEAD
59M,TSUEN WAN STATION
59M,TSUEN WAN STATION
59M,TSUEN WAN STATION
59M,TUEN MUN PIER HEAD
59R,TUEN MUN PIER HEAD
59X,MONG KOK EAST STATION
59X,MONG KOK EAST STATION
59X,MONG KOK EAST STATION
59X,TUEN MUN PIER HEAD
60M,TSUEN WAN STATION
60M,TUEN MUN STATION
60X,JORDAN (WEST KOWLOON STATION)
60X,TUEN MUN CENTRAL
61A,TUEN MUN RD. INTERCHANGE (URBAN BOUND)
61M,LAI KING (NORTH)
61M,TUEN MUN (YAU OI SOUTH)
61M,TUEN MUN (YAU OI SOUTH)
61S,WO HOP SHEK (KIU TAU ROAD)
61S,TUEN MUN CENTRAL
61X,KOWLOON CITY FERRY
61X,TUEN MUN CENTRAL
62P,LEI YUE MUN ESTATE
62X,LEI YUE MUN ESTATE
62X,SIU HONG STATION (SOUTH)
63R,LAM TSUEN WISHING TREE
63R,LAM TSUEN WISHING TREE
63R,TAI PO MARKET STATION
63X,JORDAN (WEST KOWLOON STATION)
63X,HUNG SHUI KIU (HUNG FUK ESTATE)
64K,TAI PO MARKET STATION
64K,TAI PO (TAI WO)
64K,YUEN LONG (WEST)
64P,KADOORIE FARM
64S,KAM SHEUNG ROAD STATION
64X,HONG KONG SCIENCE PARK
65K,TAI PO CENTRAL
65R,TIN SHUI
65X,HONG KONG SCIENCE PARK
66M,TSUEN WAN STATION
66M,TUEN MUN (TAI HING ESTATE)
66X,OLYMPIC STATION
66X,TUEN MUN (TAI HING ESTATE)
67M,KWAI FONG STATION
67M,TUEN MUN (SIU HONG COURT)
67R,HUNG SHUI KIU (HUNG FUK ESTATE)
67X,MONG KOK EAST STATION
67X,TUEN MUN (SIU HONG COURT)
68,YOHO MALL (CIRCULAR)
68A,TSING YI STATION
68A,LONG PING ESTATE
68E,TSING YI STATION
68E,YUEN LONG PARK
68F,YUEN LONG PARK (CIRCULAR)
68M,YUEN LONG (WEST)
68M,TSUEN WAN STATION
68R,TAI TONG
68R,YOHO MALL (YUEN LONG)
68X,MONG KOK (PARK AVENUE)
68X,MONG KOK (PARK AVENUE)
68X,HUNG SHUI KIU (HUNG FUK ESTATE)
69C,KWUN TONG FERRY
69C,KWUN TONG FERRY
69C,TIN YAN ESTATE
69M,TIN SHUI WAI TOWN CENTRE
69M,KWAI FONG STATION
69P,KWAI FONG STATION
69X,JORDAN (WEST KOWLOON STATION)
69X,JORDAN (WEST KOWLOON STATION)
69X,TIN SHUI
70K,CHING HO (CIRCULAR)
70R,FANLING (LUEN WO HUI)
70S,WO HOP SHEK
70S,HUNG HOM STATION
71A,TAI PO MARKET STATION
71A,TAI PO (FU HENG)
71B,TAI PO CENTRAL (CIRCULAR)
71K,TAI PO MARKET STATION
71K,TAI PO (TAI WO)
71S,KWONG FUK (CIRCULAR)
72,CHEUNG SHA WAN
72,TAI PO (TAI WO)
72A,TAI PO INDUSTRIAL ESTATE
72A,TAI WAI STATION
72C,TAI PO MARKET STATION
72X,MONG KOK (PARK AVENUE)
72X,TAI PO CENTRAL
73,TAI PO INDUSTRIAL ESTATE
73,TAI PO CENTRAL
73,FANLING (WAH MING)
73,FANLING (WAH MING)
73A,YU CHUI COURT
73A,FANLING (WAH MING)
73B,SHEUNG SHUI (CIRCULAR)
73D,TAI PO (FU SHIN)
73D,TSUEN WAN (NINA TOWER)
73K,MAN KAM TO
73K,SHEUNG SHUI
73P,TAI MEI TUK
73P,TSUEN WAN (NINA TOWER)
73X,TAI PO (FU SHIN)
73X,TAI PO (FU SHIN)
73X,TSUEN WAN (NINA TOWER)
74A,KAI YIP
74A,TAI PO (TAI WO)
74B,TAI PO CENTRAL
74B,KWUN TONG FERRY
74C,KWUN TONG FERRY
74C,KWUN TONG FERRY
74D,KWUN TONG FERRY
74D,KAU LUNG HANG
74E,KWUN TONG FERRY
74E,TAI MEI TUK
74F,EDUCATION UNIVERSITY OF HONG KONG
74K,SAM MUN TSAI (CIRCULAR)
74K,SAM MUN TSAI (CIRCULAR)
74P,TAI PO CENTRAL
74P,KWUN TONG FERRY
74P,KWUN TONG FERRY
74S,WO HOP SHEK
74S,PING TIN
74X,KWUN TONG FERRY
74X,KWUN TONG FERRY
74X,KWUN TONG FERRY
74X,TAI PO CENTRAL
75K,TAI PO MARKET STATION
75K,TAI MEI TUK
75P,TAI PO MARKET STATION
75P,TAI PO MARKET STATION
75X,KOWLOON CITY FERRY
75X,KOWLOON CITY FERRY
75X,TAI PO (FU SHIN)
75X,TAI PO (FU SHIN)
75X,TAI PO (FU SHIN)
76K,LONG PING ESTATE
76K,LONG PING ESTATE
76K,SHEUNG SHUI (CHING HO)
76S,WO HOP SHEK
76S,FANLING STATION
77K,YUEN LONG (FUNG CHEUNG ROAD)
77K,YUEN LONG (WEST)
77K,KAM SHEUNG ROAD STATION
77K,SHEUNG SHUI
78,FANLING STATION (FUK YING SEEN KOON)
78A,FANLING STATION (CIRCULAR)
78K,SHA TAU KOK
78K,SHA TAU KOK
78K,SHEUNG SHUI (TAI PING)
78K,SHEUNG SHUI
78K,FANLING (WAH MING)
79K,TA KWU LING (TSUNG YUEN HA)
79K,SHEUNG SHUI
80,KWUN TONG FERRY
80,KWUN TONG FERRY
80,MEI LAM
80A,KWUN TONG FERRY
80K,YU CHUI COURT
80K,SUN CHUI
80M,KOWLOON TONG STATION
80M,SUI WO COURT
80P,KWUN TONG FERRY
80X,KWUN TONG FERRY
80X,KWUN TONG FERRY
80X,CHUN SHEK
81,JORDAN (WEST KOWLOON STATION)
81,WO CHE
81C,TSIM SHA TSUI EAST (MODY ROAD)
81C,YIU ON
81K,SUI WO COURT
81K,SUN TIN WAI
81S,NATHAN ROAD (PUBLIC SQUARE STREET)
82B,TAI WAI STATION
82C,HONG KONG SCIENCE PARK
82C,KWONG YUEN
82D,TAI WAI STATION
82D,PAK SHEK KOK
82K,WONG NAI TAU
82K,MEI LAM
82P,DIAMOND HILL STATION
82P,SHEK MUN ESTATE
82X,WONG TAI SIN (CIRCULAR)
83A,KWUN TONG FERRY
83K,SHA TIN CENTRAL (CIRCULAR)
83P,WO CHE
83S,SHATIN CENTRAL
83S,WONG NAI TAU
83X,KWUN TONG FERRY
83X,KWUN TONG FERRY
83X,SHUI CHUEN O
83X,WONG NAI TAU
84M,LOK FU
84M,CHEVALIER GARDEN
85,KOWLOON CITY FERRY
85,FO TAN   (SHAN MEI ST)
85A,KOWLOON CITY FERRY
85A,KWONG YUEN
85B,KOWLOON CITY FERRY
85B,CHUN SHEK
85K,SHATIN STATION
85K,HENG ON
85M,WONG TAI SIN (CIRCULAR)
85S,HUNG HOM (HUNG LUEN ROAD)
85X,HUNG HOM (HUNG LUEN ROAD)
85X,HUNG HOM (HUNG LUEN ROAD)
85X,MA ON SHAN TOWN CENTRE
86,MEI FOO
86,WONG NAI TAU
86A,CHEUNG SHA WAN (KOM TSUN STREET)
86A,SHATIN WAI
86C,CHEUNG SHA WAN
86C,LEE ON
86K,SHATIN STATION
86K,KAM YING COURT
86S,SHATIN STATION
86S,SHATIN STATION
86S,KAM YING COURT
87B,ISLAND HARBOURVIEW
87B,SUN TIN WAI
87D,HUNG HOM STATION
87D,HUNG HOM STATION
87D,HUNG HOM STATION
87D,KAM YING COURT
87E,TSIM SHA TSUI
87E,NAI CHUNG
87K,KAM YING COURT (CIRCULAR)
87K,KAM YING COURT (CIRCULAR)
87K,UNIVERSITY STATION
87K,UNIVERSITY STATION
87K,LEE ON
87P,CHUNG ON
87R,WU KAI SHA STATION
87S,KAM YING COURT (CIRCULAR)
87S,UNIVERSITY STATION (CIRCULAR)
88,TAI WAI STATION
88,SAU MAU PING (CENTRAL)
88K,ROYAL ASCOT
88K,HIN KENG
88X,PING TIN
88X,PING TIN
88X,FO TAN CHUN YEUNG ESTATE
88X,FO TAN CHUN YEUNG ESTATE
89,KWUN TONG STATION
89,LEK YUEN
89B,KWUN TONG STATION
89B,SHATIN WAI
89C,KWUN TONG (TSUI PING ROAD)
89C,KWUN TONG (TSUI PING ROAD)
89C,HENG ON
89D,LAM TIN STATION
89D,WU KAI SHA STATION
89D,WU KAI SHA STATION
89P,LAM TIN STATION
89S,WU KAI SHA STATION (CIRCULAR)
89S,WU KAI SHA STATION
89X,KWUN TONG (TSUI PING ROAD)
89X,SHATIN STATION
91,DIAMOND HILL STATION
91,CLEAR WATER BAY
91,CLEAR WATER BAY
91A,CHOI HUNG ESTATE (HUNG NGOK HOUSE)
91A,CLEAR WATER BAY
91M,DIAMOND HILL STATION
91M,PO LAM
91M,PO LAM
91P,H.K.U.S.T (NORTH)
91P,PING SHEK / CHOI HUNG STATION
91R,TSEUNG KWAN O (CHOI MING)
91S,HANG HAU STATION
92,DIAMOND HILL STATION
92,SAI KUNG
92R,STAR FERRY
92R,SAI KUNG
93A,KWUN TONG FERRY
93A,PO LAM
93K,MONG KOK EAST STATION
93K,PO LAM
93M,PO LAM
94,SAI KUNG
94,WONG SHEK PIER
95,JORDAN (WEST KOWLOON STATION)
95,TSUI LAM
95M,KWUN TONG (ELEGANCE ROAD)
95M,TSUI LAM
96R,WONG SHEK PIER
96R,DIAMOND HILL STATION
98,NGAU TAU KOK STATION(CIRCULAR)
98A,NGAU TAU KOK STATION (CIRCULAR)
98A,HANG HAU (NORTH) (TSEUNG KWAN O HOSPITAL)
98B,KWUN TONG STATION
98C,MEI FOO
98C,HANG HAU (NORTH) (TSEUNG KWAN O HOSPITAL)
98D,TSIM SHA TSUI EAST
98D,TSIM SHA TSUI EAST
98D,TSIM SHA TSUI EAST
98D,TSIM SHA TSUI EAST
98D,HANG HAU (NORTH) (TSEUNG KWAN O HOSPITAL)
98P,TSIM SHA TSUI EAST
98P,HANG HAU (NORTH) (TSEUNG KWAN O HOSPITAL)
98R,HANG HAU (NORTH) (TSEUNG KWAN O HOSPITAL)
98S,MEI FOO
98S,LOHAS PARK STATION
99,SAI KUNG
99,HENG ON
99R,SAI KUNG NORTH (SAI KUNG POLICE STATION)
99R,UNIVERSITY STATION
101,KENNEDY TOWN
101,DES VOEUX RD CENTRAL
101,BELCHER'S STREET
101,KENNEDY TOWN
101,KWUN TONG (YUE MAN SQUARE)
101,KWUN TONG (YUE MAN SQUARE)
101,KWUN TONG (YUE MAN SQUARE)
101R,KWUN TONG (YUE MAN SQUARE)
101X,KENNEDY TOWN
101X,KENNEDY TOWN
101X,KWUN TONG (YUE MAN SQUARE)
102,MEI FOO
102,SHAU KEI WAN
102P,MEI FOO
102P,SHAU KEI WAN
102P,SHAU KEI WAN
102R,MEI FOO
103,POKFIELD RD
103,CHUK YUEN ESTATE
104,Sham Shui Po (Pak Tin Estate)
104,MONG KOK (NELSON STREET)
104,Sham Shui Po (Pak Tin Estate)
104,Sham Shui Po (Pak Tin Estate)
104,KENNEDY TOWN
104,DES VOEUX ROAD CENTRAL
104,QUEEN VICTORIA STREET
104,KENNEDY TOWN
104R,MONG KOK
105R,MEI FOO
106,SIU SAI WAN (ISLAND RESORT)
106,SIU SAI WAN (ISLAND RESORT)
106,SIU SAI WAN (ISLAND RESORT)
106,ISLAND PLACE
106,WONG TAI SIN
106,WONG TAI SIN
106A,TAI KOO (KORNHILL PLAZA)
106P,SIU SAI WAN (ISLAND RESORT)
106P,WONG TAI SIN
106P,WONG TAI SIN
107,WAH KWAI
107,WAH KWAI
107,KOWLOON BAY
107,KOWLOON BAY
107P,CYBERPORT
107P,LAGUNA VERDE
108,BRAEMAR HILL
108,CAUSEWAY BAY (PENNINGTON STREET)
108,KAI YIP
109,CENTRAL (MACAU FERRY)
109,HO MAN TIN
110,TSIM SHA TSUI (CIRCULAR)
110,TSIM SHA TSUI EAST (MODY ROAD)
110,NORTH POINT (TIN CHUI STREET)
111,CENTRAL (MACAU FERRY)
111,CENTRAL (MACAU FERRY)
111,ADMIRALTY
111,CENTRAL (MACAU FERRY)
111,PING SHEK / CHOI HUNG STATION
111P,CENTRAL (MACAU FERRY)
111P,CHOI FOOK
111R,KWUN TONG (YUE MAN SQUARE)
112,CHEUNG SHA WAN (SO UK ESTATE)
112,NORTH POINT (PAK FUK ROAD)
113,KENNEDY TOWN (BELCHER BAY)
113,CHOI HUNG
115,CENTRAL (MACAU FERRY)
115,CENTRAL (MACAU FERRY)
115,KOWLOON CITY FERRY
115P,CENTRAL (MACAU FERRY)
116,QUARRY BAY (YAU MAN STREET)
116,TSZ WAN SHAN (CENTRAL)
116,TSZ WAN SHAN (CENTRAL)
116,TSZ WAN SHAN (CENTRAL)
117,HAPPY VALLEY (LOWER)
117,SHAM SHUI PO (YEN CHOW ST)
117R,MONG KOK (BUTE STREET)
118,SIU SAI WAN (ISLAND RESORT)
118,SIU SAI WAN (ISLAND RESORT)
118,SIU SAI WAN (ISLAND RESORT)
118,CHEUNG SHA WAN (SHAM MONG ROAD)
118,MONG KOK (KEI WING PRIMARY SCHOOL)
118,CHEUNG SHA WAN (SHAM MONG ROAD)
118P,CHEUNG SHA WAN (SHAM MONG ROAD)
118P,KEI WING PRIMARY SCHOOL
118P,SIU SAI WAN (ISLAND RESORT)
168R,YUEN LONG (WEST)
170,WAH FU (CENTRAL)
170,WAH FU (CENTRAL)
170,SHATIN STATION
170,SHATIN STATION
171,SOUTH HORIZONS
171,SOUTH HORIZONS
171,LEI TUNG ESTATE
171,SOUTH HORIZONS
171,SOUTH HORIZONS
171,LAI CHI KOK
171,LAI CHI KOK
171,LAI CHI KOK
171A,LAI CHI KOK
171P,LAI CHI KOK
178R,SAN TIN PUBLIC TRANSPORT INTERCHANGE
182,CENTRAL (MACAU FERRY)
182,YU CHUI COURT
182X,YU CHUI COURT
191R,LOHAS PARK
202,MONG KOK (CIRCULAR)
203C,TSIM SHA TSUI EAST (MODY ROAD)
203C,SHAM SHUI PO (TAI HANG TUNG)
203C,SHAM SHUI PO (TAI HANG TUNG)
203E,KOWLOON STATION
203E,CHOI HUNG
203S,TSIM SHA TSUI EAST (MODY ROAD)
203X,JORDAN (BATTERY STREET)
208,TSIM SHA TSUI EAST
208,BROADCAST DRIVE
211,WONG TAI SIN STATION (CIRCULAR)
211A,TSUI CHUK GARDEN (CIRCULAR)
213A,PING SHEK / CHOI HUNG STATION
213B,KWUN TONG (CIRCULAR)
213D,MONG KOK (CIRCULAR)
213M,LAM TIN STATION (CIRCULAR)
213S,LAM TIN STATION (CIRCULAR)
213X,TSIM SHA TSUI (CIRCULAR)
213X,TSIM SHA TSUI (CIRCULAR)
214,CHEUNG SHA WAN (KOM TSUN STREET)
214,CHEUNG SHA WAN (KOM TSUN STREET)
214,YAU TONG
214P,CHEUNG SHA WAN (KOM TSUN STREET)
215P,KOWLOON STATION
215R,SHUN TIN
215X,KOWLOON STATION
215X,KOWLOON STATION
215X,LAM TIN (KWONG TIN ESTATE)
216M,YAU TONG STATION (CIRCULAR)
216R,SHUN TIN
219X,TSIM SHA TSUI (CIRCULAR)
224R,WONG TAI SIN
224X,TSIM SHA TSUI EAST (CIRCULAR)
224X,TSIM SHA TSUI EAST (CIRCULAR)
224X,KAI YIP
225R,WONG TAI SIN
230X,WHAMPOA GARDEN
234A,TSUEN WAN WEST STATION
234A,SHAM TSENG (SEA CREST VILLA)
234B,SHAM TSENG (SEA CREST VILLA)
234B,TSUEN WAN WEST STATION
234C,KWUN TONG STATION
234C,SHAM TSENG
234D,KWUN TONG STATION
234D,TSING LUNG TAU
234P,STAR FERRY
234X,TSUEN WAN (BAYVIEW GARDEN)
234X,TSIM SHA TSUI EAST (MODY ROAD)
235,TSUEN WAN (CIRCULAR)
235M,KWAI FONG STATION
235M,KWAI CHUNG (ON YAM ESTATE)
236R,Tsuen Wan Station
237A,TSIM SHA TSUI EAST (MODY ROAD)
238M,TSUEN WAN STATION
238M,TSUEN WAN (RIVIERA GARDENS)
238P,CHINA FERRY TERMINAL
238X,CHINA FERRY TERMINAL
238X,TSUEN WAN (RIVIERA GARDENS)
239R,TSUEN WAN (ALLWAY GARDENS)
240X,KWAI HING STATION
240X,WONG NAI TAU
241R,TSING YI (CHEUNG CHING ESTATE)
241X,HO MAN TIN (OI MAN ESTATE)
242X,TSIM SHA TSUI
242X,TSING YI (CHEUNG HANG ESTATE)
243M,TSUEN WAN (DISCOVERY PARK)
243M,TSING YI (MAYFAIR GARDEN)
243P,TSUEN WAN (DISCOVERY PARK)
246R,KWAI CHUNG (LAI YIU ESTATE)
248M,CHEUNG WANG (CIRCULAR)
249M,MAYFAIR GARDEN (CIRCULAR)
249X,TSING YI STATION
249X,POK HONG
249X,TAI WAI STATION
251A,SHEUNG TSUEN (CIRCULAR)
251B,SHEUNG TSUEN (CIRCULAR)
251M,TSUEN WAN STATION
252,TUEN MUN ROAD INTERCHANGE
252,SO KWUN WAT
252B,TSIM SHA TSUI
252X,LAM TIN STATION
252X,LAM TIN STATION
252X,TUEN MUN (CHI LOK FA YUEN)
254R,SHEK KONG BARRACKS (CIRCULAR)
258A,LAM TIN STATION
258D,LAM TIN STATION
258D,TUEN MUN (PO TIN ESTATE)
258P,LAM TIN STATION
258P,HUNG FUK ESTATE HUNG TIN ROAD
258S,LAM TIN STATION
258X,KWUN TONG FERRY
258X,TUEN MUN (PO TIN ESTATE)
259B,TSIM SHA TSUI
259C,TSIM SHA TSUI
259D,LEI YUE MUN ESTATE
259D,LEI YUE MUN ESTATE
259D,TUEN MUN (LUNG MUN OASIS)
259E,TSUEN WAN STATION
259R,TUEN MUN PIER HEAD
259S,KWUN TONG FERRY
259X,KWUN TONG FERRY
259X,TUEN MUN (LUNG MUN OASIS)
260B,TSIM SHA TSUI
260C,KWAI FONG STATION
260C,TUEN MUN (SAM SHING ESTATE)
260R,TUEN MUN (SIU HONG COURT)
260X,HUNG HOM STATION
260X,HUNG HOM STATION
260X,TUEN MUN (PO TIN ESTATE)
261,FANLING (CHEUNG WAH)
261,TUEN MUN (SAM SHING ESTATE)
261B,KOWLOON STATION
261B,KOWLOON STATION
261P,SHEUNG SHUI (TIN PING)
261P,TUEN MUN (SIU HONG COURT)
261S,SHEUNG SHUI (TIN PING)
261X,FANLING (CHEUNG WAH)
261X,TUEN MUN CENTRAL
263,SHATIN STATION
263,TUEN MUN STATION
263A,HONG KONG SCIENCE PARK
263A,TUEN MUN STATION
263C,TAI PO INDUSTRIAL ESTATE
263C,TUEN MUN STATION
264R,TAI PO MARKET STATION
264R,TIN YIU
265B,MONG KOK (PARK AVENUE)
265B,TIN HENG ESTATE
265M,KWAI CHUNG (LAI YIU ESTATE)
265M,TIN HENG ESTATE
265S,TAI PO INDUSTRIAL ESTATE
265S,TAI PO INDUSTRIAL ESTATE
265S,TIN SHUI WAI TOWN CENTRE
267X,LAM TIN STATION
267X,TUEN MUN (SIU HONG COURT)
268A,KWUN TONG FERRY
268A,LONG PING ESTATE
268B,HUNG HOM (HUNG LUEN ROAD)
268B,LONG PING STATION
268C,KWUN TONG FERRY
268C,KWUN TONG FERRY
268C,LONG PING STATION
268M,TSUEN WAN WEST STATION
268M,PARK YOHO
268P,KWUN TONG FERRY
268P,LONG PING STATION
268X,JORDAN (WEST KOWLOON STATION)
268X,HUNG SHUI KIU (HUNG FUK ESTATE)
269A,KWAI CHUNG (KWAI FONG ESTATE)
269B,HUNG HOM (HUNG LUEN ROAD)
269B,HUNG HOM (HUNG LUEN ROAD)
269B,TIN SHUI WAI TOWN CENTRE
269C,KWUN TONG FERRY
269C,KWUN TONG FERRY
269C,TIN SHUI WAI TOWN CENTRE
269D,LEK YUEN
269D,LEK YUEN
269D,TIN FU
269M,CHO YIU
269M,TIN YAN ESTATE
269P,WETLAND PARK ROAD
269R,TIN HENG ESTATE
269S,KWUN TONG FERRY
269S,TIN SHUI WAI TOWN CENTRE
270,TIN PING ESTATE (CIRCULAR)
270,TSUI LAI GARDEN
270A,TSIM SHA TSUI EAST (MODY ROAD)
270A,SHEUNG SHUI
270B,OLYMPIC STATION
270B,CHARMING GARDEN
270B,SHEUNG SHUI
270B,SHEUNG SHUI
270C,TSIM SHA TSUI EAST (MODY ROAD)
270C,FANLING (LUEN WO HUI)
270D,SHAM SHUI PO
270P,KOWLOON STATION
270R,FANLING (LUEN WO HUI)
270S,FANLING (LUEN WO HUI)
271,JORDAN (WEST KOWLOON STATION)
271,TAI PO (FU HENG)
271,TAI PO (FU HENG)
271B,JORDAN (WEST KOWLOON STATION)
271B,TAI PO (FU HENG)
271P,TSIM SHA TSUI (CANTON ROAD)
271R,TAI PO (TAI WO)
271S,TAI PO (TAI WO)
271X,TAI PO (FU HENG)
272A,PAK SHEK KOK (CIRCULAR)
272E,MONG KOK (PARK AVENUE)
272E,TAI PO (TAI WO)
272K,HONG KONG SCIENCE PARK (CIRCULAR)
272K,HONG KONG SCIENCE PARK
272P,KWAI HING STATION
272P,TAI PO (FU HENG)
272R,TAI PO (TAI WO)
272S,HONG KONG SCIENCE PARK
272S,DIAMOND HILL STATION
272X,MONG KOK
272X,TAI PO CENTRAL
273,FANLING STATION (CIRCULAR)
273A,WAH MING (CIRCULAR)
273A,WAH MING (CIRCULAR)
273A,SHEUNG SHUI (CHOI YUEN)
273B,SHEUNG SHUI STATION (CIRCULAR)
273C,TSUEN WAN WEST STATION
273D,WAH MING (CIRCULAR)
273D,WAH MING (CIRCULAR)
273P,TSUEN WAN WEST STATION
273S,FANLING STATION
273S,FANLING (WAH MING)
274,WU KAI SHA STATION
274P,TAI PO INDUSTRIAL ESTATE
274P,WU KAI SHA STATION
274X,TAI PO CENTRAL
275R,WU KAU TANG
275R,TAI PO MARKET STATION
276,SHEUNG SHUI
276,TIN TSZ
276A,SHEUNG SHUI (TAI PING)
276A,SHEUNG SHUI (TAI PING)
276A,TIN HENG ESTATE
276B,SHEUNG SHUI (CHOI YUEN)
276B,TIN FU
276C,SHEUNG SHUI
276P,SHEUNG SHUI
276P,TIN SHUI WAI STATION
277A,LAM TIN STATION
277A,SHA TAU KOK
277E,LAM TIN STATION
277E,SHEUNG SHUI (TIN PING)
277P,LAM TIN STATION
277P,SHEUNG SHUI (TIN PING)
277X,LAM TIN STATION
277X,LAM TIN STATION
277X,LAM TIN STATION
277X,FANLING (LUEN WO HUI)
278A,TSUEN WAN (NINA TOWER)
278A,QUEEN'S HILL BUS TERMINUS
278K,FANLING STATION (CIRCULAR)
278P,TSUEN WAN (NINA TOWER)
278X,TSUEN WAN (NINA TOWER)
278X,SHEUNG SHUI
279A,TSING YI STATION
279B,KWAI HING STATION
279S,WO HOP SHEK
279S,TSING YI (CHEUNG CHING ESTATE)
279X,TSING YI STATION
279X,FANLING (LUEN WO HUI)
280X,TSIM SHA TSUI EAST (MODY ROAD)
280X,TSIM SHA TSUI EAST (MODY ROAD)
280X,SUI WO COURT
281,TAI WAI STATION (CIRCULAR)
281A,KOWLOON STATION
281A,KWONG YUEN
281B,TSIM SHA TSUI EAST (MODY ROAD)
281E,KWONG YUEN
281M,KOWLOON TONG STATION
281M,SUN TIN WAI
281X,TSIM SHA TSUI EAST (MODY ROAD)
282,SUN TIN WAI (CIRCULAR)
283,MEI CHUNG COURT (CIRCULAR)
284,RAVANA GARDEN (CIRCULAR)
285,SHA TIN CENTRAL (CIRCULAR)
285A,FO TAN STATION (CIRCULAR)
286C,CHEUNG SHA WAN (SHAM MONG ROAD)
286C,LEE ON
286M,DIAMOND HILL STATION (CIRCULAR)
286P,CHEUNG SHA WAN
286X,SHAM SHUI PO (CIRCULAR)
286X,SHAM SHUI PO
287D,KAM YING COURT
287P,MONG KOK
287R,WU KAI SHA STATION
287X,JORDAN (CIRCULAR)
288,SHA TIN CENTRAL (CIRCULAR)
288A,SHA TIN CENTRAL (CIRCULAR)
288B,WO CHE
288C,TAI WAI STATION
289K,CHEVALIER GARDEN (CIRCULAR)
289K,UNIVERSITY STATION
289R,SHATIN CENTRAL
289R,WONG SHEK PIER
290,TSUEN WAN WEST STATION
290,TSEUNG KWAN O (CHOI MING)
290A,TSUEN WAN WEST STATION
290A,TSUEN WAN WEST STATION
290A,TSEUNG KWAN O (CHOI MING)
290B,TSUEN WAN WEST STATION
290B,TSEUNG KWAN O INDUSTRIAL ESTATE
290X,TSUEN WAN WEST STATION
290X,LOHAS PARK STATION
290X,LOHAS PARK STATION
291P,MONG KOK
292P,KWUN TONG
293S,MONG KOK EAST STATION
293S,HANG HAU (NGAN O ROAD)
296A,NGAU TAU KOK STATION (CIRCULAR)
296C,CHEUNG SHA WAN (HOI YING ESTATE)
296C,SHEUNG TAK
296D,KOWLOON STATION
296D,SHEUNG TAK
296M,HANG HAU STATION
296M,HONG SING GARDEN
296M,HONG SING GARDEN
296P,LAI CHI KOK STATION
296P,SHEUNG TAK
297,HUNG HOM (HUNG LUEN ROAD)
297,HANG HAU (NORTH) (TSEUNG KWAN O HOSPITAL)
297P,HUNG HOM (HUNG LUEN ROAD)
298,PAK SHING KOK (CIRCULAR)
298E,TSEUNG KWAN O INDUSTRIAL ESTATE (CIRCULAR)
298F,TSEUNG KWAN O INDUSTRIAL ESTATE (CIRCULAR)
298R,HANG HAU (NORTH) (TSEUNG KWAN O HOSPITAL)
299X,SAI KUNG
299X,SHATIN CENTRAL
299X,SHATIN CENTRAL
302,SHEUNG WAN
302A,NORTH POINT (HEALTHY VILLAGE)
307,CENTRAL (CENTRAL FERRY PIERS)
307,SHEUNG WAN
307,TAI PO CENTRAL
307A,SHEUNG WAN
307P,CAUSEWAY BAY (TIN HAU)
307P,TAI PO (TING TAI ROAD)
331,TSUEN WAN STATION
331,MA WAN(PAK YAN ROAD)
331S,TSUEN WAN WEST STATION
331S,MA WAN(PAK YAN ROAD)
373,CENTRAL (HONG KONG STATION)
373,SHEUNG SHUI
601,ADMIRALTY STATION (EAST)
601,PO TAT
601P,SHEUNG WAN
601P,SHEUNG WAN
601P,PO TAT
603,CENTRAL (CENTRAL FERRY PIERS)
603,ADMIRALTY (ADMIRALTY CENTRE)
603,PING TIN
603,PING TIN
603A,CENTRAL MARKET
603A,PING TIN
603P,PING TIN
603R,ON TAI (WEST) (WO TAI HOUSE)
603S,CENTRAL (GILMAN STREET)
606,SIU SAI WAN (ISLAND RESORT)
606,SIU SAI WAN (ISLAND RESORT)
606,CHOI WAN (FUNG SHING STREET)
606A,SHAU KEI WAN (YIU TUNG ESTATE)
606A,CHOI WAN (FUNG SHING STREET)
606X,SIU SAI WAN (ISLAND RESORT)
606X,SIU SAI WAN (ISLAND RESORT)
606X,SIU SAI WAN (ISLAND RESORT)
606X,KOWLOON BAY
613,SHAU KEI WAN
613,ON TAI (WEST) (WO TAI HOUSE)
613A,HENG FA CHUEN
619,CENTRAL (MACAU FERRY)
619,CENTRAL (MACAU FERRY)
619,SHUN LEE
619P,CENTRAL (MACAU FERRY)
619X,CENTRAL (MACAU FERRY)
619X,SHUN LEE
621,CENTRAL (HONG KONG STATION)
621,LAGUNA CITY
641,CENTRAL (MACAU FERRY)
641,KAI TAK (KAI CHING ESTATE)
671,AP LEI CHAU LEE LOK ST
671,DIAMOND HILL STATION
671X,DIAMOND HILL STATION
673,CENTRAL (HONG KONG STATION)
673,SHEUNG SHUI
673P,CENTRAL (RUMSEY STREET)
678,CAUSEWAY BAY (EASTERN HOSPITAL ROAD)
678,SHEUNG SHUI
680,ADMIRALTY STATION (EAST)
680,ADMIRALTY STATION (EAST)
680,LEE ON
680A,ADMIRALTY STATION (EAST)
680B,ADMIRALTY STATION (EAST)
680P,ADMIRALTY STATION (EAST)
680P,ADMIRALTY STATION (EAST)
680X,CENTRAL (MACAU FERRY)
680X,WU KAI SHA STATION
681,MA ON SHAN TOWN CENTRE
681,CENTRAL (HONG KONG STATION)
681P,SHEUNG WAN
681P,YIU ON
690,CENTRAL (EXCHANGE SQUARE)
690,CENTRAL (EXCHANGE SQUARE)
690,HONG SING GARDEN
690P,CENTRAL (EXCHANGE SQUARE)
848,KWAI FONG STATION
868,SHATIN RACE COURSE
868,TUEN MUN CENTRAL
869,TIN SHUI WAI TOWN CENTRE
872,TAI PO CENTRAL
872X,TAI PO CENTRAL
887,MONG KOK (PARK AVENUE)
888,SHATIN STATION
889,PING TIN
891,KOWLOON CITY FERRY
893,HONG SING GARDEN
900,WAN CHAI (HKCEC)
900,PAK SHEK KOK
904,KENNEDY TOWN (BELCHER BAY)
904,LAI CHI KOK
905,EXHIBITION CENTRE STATION
905,LAI CHI KOK
905A,LAI CHI KOK
905P,WAN CHAI (HARBOUR ROAD)
907B,WAN CHAI (CONVENTION CENTRE)
907C,WAN CHAI (CONVENTION CENTRE)
907C,TAI PO TAU
914,CAUSEWAY BAY (TIN HAU)
914,HOI LAI ESTATE
914P,CAUSEWAY BAY (TIN HAU)
914X,CAUSEWAY BAY (TIN HAU)
917,WAN CHAI
917,FAN KAM ROAD
918,WAN CHAI
918,LAM KAM ROAD
934,WAN CHAI (FLEMING ROAD)
934,TSUEN WAN (BAYVIEW GARDEN)
934A,WAN CHAI (FLEMING ROAD)
934A,TSUEN WAN (ALLWAY GARDENS)
935,WAN CHAI (FLEMING ROAD)
935,WAN CHAI (FLEMING ROAD)
935,SHEK LEI (TAI LOONG STREET)
936,CAUSEWAY BAY (COTTON PATH)
936,SHEK WAI KOK
936A,CAUSEWAY BAY (COTTON PATH)
936A,CAUSEWAY BAY (COTTON PATH)
936A,LEI MUK SHUE
945,NORTH POINT
945,YUEN LONG(FUNG CHEUNG ROAD)
948,CAUSEWAY BAY (TIN HAU)
948,TSING YI (CHEUNG ON ESTATE)
948A,CAUSEWAY BAY (TIN HAU)
948B,CAUSEWAY BAY (TIN HAU)
948E,TAIKOO(KORNHILL PLAZA)
948E,TSING YI STATION
948P,CAUSEWAY BAY (TIN HAU)
948X,CAUSEWAY BAY (TIN HAU)
960,EXHIBITION CENTRE STATION
960,TUEN MUN (KIN SANG ESTATE)
960A,HUNG SHUI KIU (HUNG FUK ESTATE)
960B,HUNG SHUI KIU (HUNG FUK ESTATE)
960C,CAUSEWAY BAY (VICTORIA PARK)
960P,CAUSEWAY BAY (VICTORIA PARK)
960S,CAUSEWAY BAY (VICTORIA PARK)
960X,QUARRY BAY (KING'S ROAD)
961,WAN CHAI (HKCECE)
961,TUEN MUN (SHAN KING ESTATE)
961P,CAUSEWAY BAY (VICTORIA PARK)
961S,CAUSEWAY BAY (VICTORIA PARK)
968,CAUSEWAY BAY (TIN HAU)
968,CAUSEWAY BAY (TIN HAU)
968,YUEN LONG (WEST)
968A,CAUSEWAY BAY (TIN HAU)
968X,QUARRY BAY (KING'S ROAD)
968X,YUEN LONG (TAK YIP STREET)
978,EXHIBITION CENTRE STATION
978,FANLING (WAH MING)
978A,EXHIBITION CENTRE STATION
978A,FANLING (LUEN WO HUI)
978B,EXHIBITION CENTRE STATION
980A,WAN CHAI (FLEMING ROAD)
980X,WAN CHAI (FLEMING ROAD)
980X,WU KAI SHA STATION
981P,WAN CHAI (FLEMING ROAD)
981P,YIU ON
982X,WAN CHAI(FLEMING ROAD)
982X,WAN CHAI(FLEMING ROAD)
982X,YU CHUI COURT
985,WAN CHAI
985,MEI TIN
985A,WAN CHAI
985B,WAN CHAI
A31,AIRPORT (GROUND TRANSPORTATION CENTRE)
A31,AIRPORT (GROUND TRANSPORTATION CENTRE)
A31,TSUEN WAN (NINA TOWER)
A31,TSUEN WAN (NINA TOWER)
A32,AIRPORT (GROUND TRANSPORTATION CENTRE)
A32,KWAI CHUNG ESTATE
A32,KWAI CHUNG ESTATE
A33,AIRPORT (GROUND TRANSPORTATION CENTRE)
A33,AIRPORT (GROUND TRANSPORTATION CENTRE)
A33,Tuen Mun Road Interchange
A33,Tuen Mun Road Interchange
A33X,AIRPORT (GROUND TRANSPORTATION CENTRE)
A33X,AIRPORT (GROUND TRANSPORTATION CENTRE)
A33X,TUEN MUN (FU TAI ESTATE)
A34,AIRPORT (GROUND TRANSPORTATION CENTRE)
A34,AIRPORT (GROUND TRANSPORTATION CENTRE)
A34,HUNG SHUI KIU (HUNG YUEN ROAD)
A34,HUNG SHUI KIU (HUNG YUEN ROAD)
A36,AIRPORT (GROUND TRANSPORTATION CENTRE)
A36,AIRPORT (GROUND TRANSPORTATION CENTRE)
A36,AIRPORT (GROUND TRANSPORTATION CENTRE)
A36,KAM SHEUNG ROAD STATION
A36,KAM SHEUNG ROAD STATION
A37,AIRPORT (GROUND TRANSPORTATION CENTRE)
A37,AIRPORT (GROUND TRANSPORTATION CENTRE)
A37,LONG PING STATION
A37,LONG PING STATION
A38,AIRPORT (GROUND TRANSPORTATION CENTRE)
A38,TSUEN WAN (ALLWAY GARDENS)
A41,AIRPORT (GROUND TRANSPORTATION CENTRE)
A41,AIRPORT (GROUND TRANSPORTATION CENTRE)
A41,AIRPORT (GROUND TRANSPORTATION CENTRE)
A41,YU CHUI COURT
A41P,AIRPORT (GROUND TRANSPORTATION CENTRE)
A41P,AIRPORT (GROUND TRANSPORTATION CENTRE)
A41P,WU KAI SHA STATION
A41P,WU KAI SHA STATION
A43,AIRPORT (GROUND TRANSPORTATION CENTRE)
A43,AIRPORT (GROUND TRANSPORTATION CENTRE)
A43,FANLING (LUEN WO HUI)
A43P,AIRPORT (GROUND TRANSPORTATION CENTRE)
A43P,FANLING (LUEN WO HUI)
A43P,FANLING (LUEN WO HUI)
A47X,AIRPORT (GROUND TRANSPORTATION CENTRE)
A47X,AIRPORT (GROUND TRANSPORTATION CENTRE)
A47X,AIRPORT (GROUND TRANSPORTATION CENTRE)
A47X,TAI PO (FU HENG)
A47X,TAI PO (FU HENG)
B1,LOK MA CHAU STATION
B1,LOK MA CHAU STATION
B1,LOK MA CHAU STATION
B1,TIN TSZ
B1,MA WANG ROAD (SAN SHUI HOUSE)
B1,TIN YAN ESTATE
E31,TUNG CHUNG (YAT TUNG)
E31,TSUEN WAN (DISCOVERY PARK)
E32,ASIAWORLD EXPO
E32,ASIAWORLD EXPO
E32,KWAI FONG (SOUTH)
E32,KWAI FONG (SOUTH)
E32,KWAI FONG (SOUTH)
E32A,Tung Chung Development Pier
E32A,KWAI FONG (SOUTH)
E33,AIRPORT (GROUND TRANSPORTATION CENTRE)
E33,TUEN MUN CENTRAL
E33P,AIRPORT (GROUND TRANSPORTATION CENTRE)
E33P,AIRPORT (GROUND TRANSPORTATION CENTRE)
E33P,SIU HONG STATION (SOUTH)
E36,AIRPORT (GROUND TRANSPORTATION CENTRE)
E36,PAT HEUNG ROAD
E36A,TUNG CHUNG (YAT TUNG)
E36A,YUEN LONG (TAK YIP STREET)
E36P,ASIAWORLD EXPO
E36P,SHEUNG TSUEN
E36S,AIRPORT (GROUND TRANSPORTATION CENTRE)
E36S,Yuen Long (Ma Wang Road)
E37,AIRPORT (GROUND TRANSPORTATION CENTRE)
E37,AIRPORT (GROUND TRANSPORTATION CENTRE)
E37,AIRPORT (GROUND TRANSPORTATION CENTRE)
E37,AIRPORT (GROUND TRANSPORTATION CENTRE)
E37,TIN SHUI WAI TOWN CENTRE
E37,TIN SHUI WAI TOWN CENTRE
E37C,AIRCRAFT MAINTENANCE AREA
E37C,TIN SHUI WAI TOWN CENTRE
E41,ASIAWORLD EXPO
E41,TAI PO TAU
E42,AIRPORT (GROUND TRANSPORTATION CENTRE)
E42,POK HONG
E42C,AIRCRAFT MAINTENANCE AREA
E42C,POK HONG
E42P,POK HONG
E43,Tung Chung Development Pier
E43,FANLING (WAH MING)
K12,TAI PO MARKET STATION
K12,EIGHT LAND GARDEN
K14,TAI PO MARKET STATION
K17,TAI PO MARKET STATION
K17,TAI PO (FU SHIN)
K18,TAI PO MARKET STATION
K18,KWONG FUK ESTATE
N3D,TSZ WAN SHAN (CENTRAL)
N3D,KWUN TONG (YUE MAN SQUARE)
N118,SIU SAI WAN (ISLAND RESORT)
N118,CHEUNG SHA WAN (SHAM MONG ROAD)
N121,NGAU TAU KOK
N121,CENTRAL (MACAU FERRY)
N122,SHAU KEI WAN
N122,MEI FOO
N170,WAH FU (CENTRAL)
N170,SHATIN CENTRAL
N171,AP LEI CHAU ESTATE
N171,LAI CHI KOK
N182,CENTRAL (MACAU FERRY)
N182,KWONG YUEN
N213,ON TAI (WEST)
N214,MEI FOO
N216,HUNG HOM STATION
N216,YAU TONG
N237,KWAI SHING (CIRCULAR)
N241,TSING YI (CHEUNG WANG ESTATE)
N241,HUNG HOM STATION
N243,CHEUNG CHING (CIRCULAR)
N252,TUEN MUN (SAM SHING ESTATE)
N260,MEI FOO
N260,TUEN MUN PIER HEAD
N269,MEI FOO
N269,TIN TSZ
N271,HUNG HOM STATION
N271,TAI PO (FU HENG)
N281,HUNG HOM STATION
N281,KAM YING COURT
N283,WONG NAI TAU
N287,WU KAI SHA STATION
N290,LOHAS PARK STATION
N290,TSUEN WAN WEST STATION
N293,MONG KOK EAST STATION
N293,SHEUNG TAK
N30,AIRPORT (CHEONG TAT ROAD)
N30,YUEN LONG STATION
N307,SHEUNG WAN
N307,TAI PO CENTRAL
N31,AIRPORT (GROUND TRANSPORTATION CENTRE)
N31,TSUEN WAN (DISCOVERY PARK)
N36,LEI MUK SHUE (CIRCULAR)
N368,CENTRAL (MACAU FERRY)
N368,YUEN LONG (WEST)
N373,CENTRAL (MACAU FERRY)
N373,FANLING (LUEN WO HUI)
N39,ALLWAY GARDENS (CIRCULAR)
N41X,TSING YI (CHEUNG WANG ESTATE)
N42,TUNG CHUNG STATION
N42,Yiu On Bus Terminus
N42A,TUNG CHUNG STATION
N42A,FANLING (LUEN WO HUI)
N42P,AIRPORT (GROUND TRANSPORTATION CENTRE)
N43,TSING YI (CHEUNG WANG ESTATE)
N48,TSUEN WAN (BAYVIEW GARDEN)
N48,YU CHUI COURT
N619,CENTRAL (MACAU FERRY)
N619,SHUN LEE
N64,TUNG CHUNG (YAT TUNG)
N673,SHEUNG SHUI
N680,CENTRAL (MACAU FERRY)
N680,KAM YING COURT
N681,MA ON SHAN TOWN CENTRE
N691,CENTRAL (MACAU FERRY)
N691,TIU KENG LENG
N73,LOK MA CHAU
N73,SHATIN CENTRAL
N78,SHA TAU KOK
N78,SHEUNG SHUI
N86,SHATIN STATION
N86,KAM YING COURT
NA31,HZMB Hong Kong Port
NA31,TSUEN WAN (NINA TOWER)
NA32,HZMB Hong Kong Port
NA32,KWAI CHUNG ESTATE
NA33,TUEN MUN (FU TAI ESTATE)
NA33,Cathay Pacific City
NA36,KAM SHEUNG ROAD STATION
NA36,Cathay Pacific City
NA37,Cathay Pacific City
NA37,TIN SHUI WAI TOWN CENTRE
NA40,HZMB Hong Kong Port
NA40,WU KAI SHA STATION
NA41,HZMB Hong Kong Port
NA41,SHUI CHUEN O
NA43,HZMB Hong Kong Port
NA43,FANLING (LUEN WO HUI)
NA47,HZMB Hong Kong Port
NA47,TAI PO (FU HENG)
P960,EXHIBITION CENTRE STATION
P960,SIU HONG STATION (NORTH)
P968,CAUSEWAY BAY (TIN HAU)
P968,CAUSEWAY BAY (TIN HAU)
P968,YUEN LONG (WEST)
R230,TSIM SHA TSUI EAST (MODY ROAD)
R241,TSIM SHA TSUI EAST (MODY ROAD)
R260,TSIM SHA TSUI EAST (MODY ROAD)
R261,TSIM SHA TSUI EAST (MODY ROAD)
R269,TSIM SHA TSUI EAST (MODY ROAD)
R270,TSIM SHA TSUI EAST (MODY ROAD)
R271,TSIM SHA TSUI EAST (MODY ROAD)
R283,TSIM SHA TSUI EAST (MODY ROAD)
R287,TSIM SHA TSUI EAST (MODY ROAD)
R307,CAUSEWAY BAY (VICTORIA PARK)
R33,TUEN MUN STATION
R33,DISNEYLAND
R33P,SIU HONG STATION (SOUTH)
R34,HUNG SHUI KIU (HUNG YUEN ROAD)
R40,WU KAI SHA STATION
R41,TAI PO TAU
R42,TAI WAI STATION
R42,DISNEYLAND
R42D,DISNEYLAND
R673,CAUSEWAY BAY (VICTORIA PARK)
R678,CAUSEWAY BAY (VICTORIA PARK)
R78,SAN WAI BARRACKS (CIRCULAR)
R8,Lantau Link Interchange (Circular)
R8,Lantau Link Interchange (Circular)
R8,Lantau Link Interchange
R934,CAUSEWAY BAY (VICTORIA PARK)
R936,CAUSEWAY BAY (VICTORIA PARK)
R94,WONG SHEK PIER
R94,TAI PO TAI WO
R948,CAUSEWAY BAY (VICTORIA PARK)
R968,CAUSEWAY BAY (VICTORIA PARK)
S1,Airport (Circular)
S64,Airport (Circular)
S64C,Catering Road East(Circular)
S64C,TUNG CHUNG (YAT TUNG)
S64P,AIRPORT (CARGO AND CATERING AREA)
S64P,AIRPORT (CARGO AND CATERING AREA)
S64X,Airport(Circular)
S64X,Airport(Circular)
S65,AIRPORT(CIRCULAR)
S65,AIRPORT(CIRCULAR)
T270,TSIM SHA TSUI EAST (MODY ROAD)
T277,LAM TIN STATION
T277,SHEUNG SHUI
T74,KWUN TONG FERRY
W2,JORDAN (WEST KOWLOON STATION)
W2,KWUN TONG STATION
W3,JORDAN (WEST KOWLOON STATION)
W3,SHEUNG SHUI
X1,ASIAWORLD EXPO
X1,TUNG CHUNG STATION
X33,HUNG FUK ESTATE, HUNG YUEN ROAD
X36,KAM SHEUNG ROAD STATION
X40,WU KAI SHA STATION
X42C,YAU TONG
X42C,YAU TONG
X42C,TSING YI (CHEUNG HANG ESTATE)
X42P,LAM TIN STATION
X43,FANLING (LUEN WO HUI)
X47,TAI PO (FU HENG)
X6C,KOWLOON BAY
X89D,KWUN TONG FERRY
X89D,KWUN TONG FERRY
X89D,NAI CHUNG
X90,HUNG NGOK HOUSE
